id,code,name,chart_template_id/id,user_type_id/id,tag_ids/id,group_id/id,reconcile
ac_1010201,1.01.02.01,ACTIVOS FINANCIEROS VALOR RAZONABLE Y CAMBIOS EN RESULTADOS,l10n_ec_oodca.account_ec_chart_template,account.data_account_type_current_assets,account.account_tag_operating,l10n_ec_oodca.group_10102,False
ac_1010202,1.01.02.02,ACTIVOS FINANCIEROS DISPONIBLES PARA LA VENTA ,l10n_ec_oodca.account_ec_chart_template,account.data_account_type_current_assets,account.account_tag_operating,l10n_ec_oodca.group_10102,False
ac_1010203,1.01.02.03,ACTIVOS FINANCIEROS CORRIENTES MANTENIDOS HASTA VENCIMIENTO ,l10n_ec_oodca.account_ec_chart_template,account.data_account_type_current_assets,account.account_tag_operating,l10n_ec_oodca.group_10102,False
ac_1010204,1.01.02.04,(-) PROVISIÓN POR DETERIORO ,l10n_ec_oodca.account_ec_chart_template,account.data_account_type_current_assets,account.account_tag_operating,l10n_ec_oodca.group_10102,False
ac_101020501,1.01.02.05.01,CXC CLIENTES NO RELACIONADOS CON INTERESES,l10n_ec_oodca.account_ec_chart_template,account.data_account_type_receivable,account.account_tag_operating,l10n_ec_oodca.group_1010205,True
ac_101020502,1.01.02.05.02,CXC CLIENTES NO RELACIONADOS SIN INTERESES,l10n_ec_oodca.account_ec_chart_template,account.data_account_type_receivable,account.account_tag_operating,l10n_ec_oodca.group_1010205,True
ac_1010206,1.01.02.06,CXC CLIENTES RELACIONADOS,l10n_ec_oodca.account_ec_chart_template,account.data_account_type_receivable,account.account_tag_operating,l10n_ec_oodca.group_10102,True
ac_1010207,1.01.02.07,OTRAS CUENTAS POR COBRAR RELACIONADAS,l10n_ec_oodca.account_ec_chart_template,account.data_account_type_current_assets,account.account_tag_operating,l10n_ec_oodca.group_10102,False
ac_101020801,1.01.02.08.01,PRÉSTAMOS A EMPLEADOS,l10n_ec_oodca.account_ec_chart_template,account.data_account_type_current_assets,account.account_tag_operating,l10n_ec_oodca.group_1010208,False
ac_101020802,1.01.02.08.02,SUMINISTROS A EMPLEADOS,l10n_ec_oodca.account_ec_chart_template,account.data_account_type_current_assets,account.account_tag_operating,l10n_ec_oodca.group_1010208,False
ac_1010209,1.01.02.09,(-) PROVISIÓN CUENTAS INCOBRABLES Y DETERIORO,l10n_ec_oodca.account_ec_chart_template,account.data_account_type_current_assets,account.account_tag_operating,l10n_ec_oodca.group_10102,False
ac_1010301,1.01.03.01,INVENTARIOS MATERIA PRIMA,l10n_ec_oodca.account_ec_chart_template,account.data_account_type_current_assets,account.account_tag_operating,l10n_ec_oodca.group_10103,False
ac_1010302,1.01.03.02,INVENTARIOS PRODUCTOS EN PROCESO,l10n_ec_oodca.account_ec_chart_template,account.data_account_type_current_assets,account.account_tag_operating,l10n_ec_oodca.group_10103,False
ac_1010303,1.01.03.03,INVENTARIOS SUMINISTROS PARA PROCESO PRODUCCIÓN,l10n_ec_oodca.account_ec_chart_template,account.data_account_type_current_assets,account.account_tag_operating,l10n_ec_oodca.group_10103,False
ac_1010304,1.01.03.04,INVENTARIOS SUMINISTROS PARA PRESTACIÓN SERVICIO,l10n_ec_oodca.account_ec_chart_template,account.data_account_type_current_assets,account.account_tag_operating,l10n_ec_oodca.group_10103,False
ac_1010305,1.01.03.05,INVENTARIOS PRODUCTOS TERMINADOS Y PRODUCIDOS EN ALMACÉN ,l10n_ec_oodca.account_ec_chart_template,account.data_account_type_current_assets,account.account_tag_operating,l10n_ec_oodca.group_10103,False
ac_1010306,1.01.03.06,INVENTARIOS PRODUCTOS TERMINADOS Y COMPRADOS EN ALMACÉN,l10n_ec_oodca.account_ec_chart_template,account.data_account_type_current_assets,account.account_tag_operating,l10n_ec_oodca.group_10103,False
ac_1010307,1.01.03.07,MERCADERÍAS EN TRÁNSITO,l10n_ec_oodca.account_ec_chart_template,account.data_account_type_current_assets,account.account_tag_operating,l10n_ec_oodca.group_10103,False
ac_1010308,1.01.03.08,OBRAS EN CONSTRUCCIÓN ,l10n_ec_oodca.account_ec_chart_template,account.data_account_type_current_assets,account.account_tag_operating,l10n_ec_oodca.group_10103,False
ac_1010309,1.01.03.09,OBRAS TERMINADAS,l10n_ec_oodca.account_ec_chart_template,account.data_account_type_current_assets,account.account_tag_operating,l10n_ec_oodca.group_10103,False
ac_1010310,1.01.03.10,MATERIALES O BIENES PARA LA CONSTRUCCIÓN,l10n_ec_oodca.account_ec_chart_template,account.data_account_type_current_assets,account.account_tag_operating,l10n_ec_oodca.group_10103,False
ac_1010311,1.01.03.11,"INVENTARIOS REPUESTOS, HERRAMIENTAS Y ACCESORIOS",l10n_ec_oodca.account_ec_chart_template,account.data_account_type_current_assets,account.account_tag_operating,l10n_ec_oodca.group_10103,False
ac_1010312,1.01.03.12,OTROS INVENTARIOS,l10n_ec_oodca.account_ec_chart_template,account.data_account_type_current_assets,account.account_tag_operating,l10n_ec_oodca.group_10103,False
ac_1010313,1.01.03.13,(-) PROVISIÓN AL VALOR NETO REALIZACIÓN Y OTRAS EN INVENTARIO,l10n_ec_oodca.account_ec_chart_template,account.data_account_type_current_assets,account.account_tag_operating,l10n_ec_oodca.group_10103,False
ac_1010401,1.01.04.01,SEGUROS PAGADOS POR ANTICIPADO,l10n_ec_oodca.account_ec_chart_template,account.data_account_type_prepayments,account.account_tag_operating,l10n_ec_oodca.group_10104,False
ac_1010402,1.01.04.02,ARRIENDOS PAGADOS POR ANTICIPADO,l10n_ec_oodca.account_ec_chart_template,account.data_account_type_prepayments,account.account_tag_operating,l10n_ec_oodca.group_10104,False
ac_1010403,1.01.04.03,ANTICIPOS A PROVEEDORES,l10n_ec_oodca.account_ec_chart_template,account.data_account_type_prepayments,account.account_tag_operating,l10n_ec_oodca.group_10104,False
ac_101040401,1.01.04.04.01,ANTICIPOS A EMPLEADOS,l10n_ec_oodca.account_ec_chart_template,account.data_account_type_prepayments,account.account_tag_operating,l10n_ec_oodca.group_1010404,False
ac_101050101,1.01.05.01.01,CRÉDITO TRIBUTARIO A FAVOR (IVA) PAGADO EN COMPRAS,l10n_ec_oodca.account_ec_chart_template,account.data_account_type_current_assets,account.account_tag_operating,l10n_ec_oodca.group_1010501,False
ac_101050102,1.01.05.01.02,CRÉDITO TRIBUTARIO A FAVOR (IVA) RETENIDO EN VENTAS,l10n_ec_oodca.account_ec_chart_template,account.data_account_type_current_assets,account.account_tag_operating,l10n_ec_oodca.group_1010501,False
ac_1010502,1.01.05.02,CRÉDITO TRIBUTARIO A FAVOR (IR) RETENIDO EN VENTAS,l10n_ec_oodca.account_ec_chart_template,account.data_account_type_current_assets,account.account_tag_operating,l10n_ec_oodca.group_10105,False
ac_1010503,1.01.05.03,ANTICIPO DE IMPUESTO A LA RENTA,l10n_ec_oodca.account_ec_chart_template,account.data_account_type_current_assets,account.account_tag_operating,l10n_ec_oodca.group_10105,False
ac_10106,1.01.06,ACTIVOS NO CORRIENTES MANTENIDOS PARA VENTA OP.DISCONTINUADAS  ,l10n_ec_oodca.account_ec_chart_template,account.data_account_type_current_assets,account.account_tag_operating,l10n_ec_oodca.group_101,False
ac_10107,1.01.07,CONSTRUCCIONES EN PROCESO (NIC 11 Y SECC.23 PYMES),l10n_ec_oodca.account_ec_chart_template,account.data_account_type_current_assets,account.account_tag_operating,l10n_ec_oodca.group_101,False
ac_10108,1.01.08,OTROS ACTIVOS CORRIENTES,l10n_ec_oodca.account_ec_chart_template,account.data_account_type_current_assets,account.account_tag_operating,l10n_ec_oodca.group_101,False
ac_1020101,1.02.01.01,TERRENOS,l10n_ec_oodca.account_ec_chart_template,account.data_account_type_fixed_assets,account.account_tag_investing,l10n_ec_oodca.group_10201,False
ac_1020102,1.02.01.02,EDIFICIOS,l10n_ec_oodca.account_ec_chart_template,account.data_account_type_fixed_assets,account.account_tag_investing,l10n_ec_oodca.group_10201,False
ac_1020103,1.02.01.03,CONSTRUCCIONES EN CURSO ,l10n_ec_oodca.account_ec_chart_template,account.data_account_type_fixed_assets,account.account_tag_investing,l10n_ec_oodca.group_10201,False
ac_1020104,1.02.01.04,INSTALACIONES,l10n_ec_oodca.account_ec_chart_template,account.data_account_type_fixed_assets,account.account_tag_investing,l10n_ec_oodca.group_10201,False
ac_1020105,1.02.01.05,MUEBLES Y ENSERES,l10n_ec_oodca.account_ec_chart_template,account.data_account_type_fixed_assets,account.account_tag_investing,l10n_ec_oodca.group_10201,False
ac_1020106,1.02.01.06,MAQUINARIA Y EQUIPO,l10n_ec_oodca.account_ec_chart_template,account.data_account_type_fixed_assets,account.account_tag_investing,l10n_ec_oodca.group_10201,False
ac_1020107,1.02.01.07,"NAVES, AERONAVES, BARCAZAS Y SIMILARES",l10n_ec_oodca.account_ec_chart_template,account.data_account_type_fixed_assets,account.account_tag_investing,l10n_ec_oodca.group_10201,False
ac_1020108,1.02.01.08,EQUIPO DE COMPUTACIÓN ,l10n_ec_oodca.account_ec_chart_template,account.data_account_type_fixed_assets,account.account_tag_investing,l10n_ec_oodca.group_10201,False
ac_1020109,1.02.01.09,"VEHÍCULOS, EQUIPOS DE TRANSPORTE Y EQUIPO CAMINERO MÓVIL",l10n_ec_oodca.account_ec_chart_template,account.data_account_type_fixed_assets,account.account_tag_investing,l10n_ec_oodca.group_10201,False
ac_1020110,1.02.01.10,"OTROS PROPIEDADES, PLANTA Y EQUIPO",l10n_ec_oodca.account_ec_chart_template,account.data_account_type_fixed_assets,account.account_tag_investing,l10n_ec_oodca.group_10201,False
ac_1020111,1.02.01.11,REPUESTOS Y HERRAMIENTAS,l10n_ec_oodca.account_ec_chart_template,account.data_account_type_fixed_assets,account.account_tag_investing,l10n_ec_oodca.group_10201,False
ac_1020112,1.02.01.12,"(-) DEPRECIACIÓN ACUMULADA PROPIEDADES, PLANTA Y EQUIPO",l10n_ec_oodca.account_ec_chart_template,account.data_account_type_fixed_assets,account.account_tag_investing,l10n_ec_oodca.group_10201,False
ac_1020113,1.02.01.13,"(-) DETERIORO  ACUMULADO DE PROPIEDADES, PLANTA Y EQUIPO",l10n_ec_oodca.account_ec_chart_template,account.data_account_type_fixed_assets,account.account_tag_investing,l10n_ec_oodca.group_10201,False
ac_102011401,1.02.01.14.01,ACTIVOS DE EXPLORACIÓN Y EXPLOTACIÓN ,l10n_ec_oodca.account_ec_chart_template,account.data_account_type_fixed_assets,account.account_tag_investing,l10n_ec_oodca.group_1020114,False
ac_102011402,1.02.01.14.02,(-) AMORTIZACIÓN ACUMULADA ACTIVOS EXPLORACIÓN Y EXPLOTACIÓN,l10n_ec_oodca.account_ec_chart_template,account.data_account_type_fixed_assets,account.account_tag_investing,l10n_ec_oodca.group_1020114,False
ac_102011403,1.02.01.14.03,(-) DETERIORO  ACUMULADO ACTIVOS EXPLORACIÓN Y EXPLOTACIÓN,l10n_ec_oodca.account_ec_chart_template,account.data_account_type_fixed_assets,account.account_tag_investing,l10n_ec_oodca.group_1020114,False
ac_1020201,1.02.02.01,TERRENOS - PROPIEDADES DE INVERSIÓNPROPIEDADES DE INVERSIÓN,l10n_ec_oodca.account_ec_chart_template,account.data_account_type_fixed_assets,account.account_tag_investing,l10n_ec_oodca.group_10202,False
ac_1020202,1.02.02.02,EDIFICIOS - PROPIEDADES DE INVERSIÓN,l10n_ec_oodca.account_ec_chart_template,account.data_account_type_fixed_assets,account.account_tag_investing,l10n_ec_oodca.group_10202,False
ac_1020203,1.02.02.03,(-) DEPRECIACIÓN ACUMULADA DE PROPIEDADES DE INVERSIÓN,l10n_ec_oodca.account_ec_chart_template,account.data_account_type_fixed_assets,account.account_tag_investing,l10n_ec_oodca.group_10202,False
ac_1020204,1.02.02.04,(-) DETERIORO ACUMULADO DE PROPIEDADES DE INVERSIÓN,l10n_ec_oodca.account_ec_chart_template,account.data_account_type_fixed_assets,account.account_tag_investing,l10n_ec_oodca.group_10202,False
ac_1020301,1.02.03.01,ANIMALES VIVOS EN CRECIMIENTO,l10n_ec_oodca.account_ec_chart_template,account.data_account_type_fixed_assets,account.account_tag_investing,l10n_ec_oodca.group_10203,False
ac_1020302,1.02.03.02,ANIMALES VIVOS EN PRODUCCIÓN ,l10n_ec_oodca.account_ec_chart_template,account.data_account_type_fixed_assets,account.account_tag_investing,l10n_ec_oodca.group_10203,False
ac_1020303,1.02.03.03,PLANTAS EN CRECIMIENTO,l10n_ec_oodca.account_ec_chart_template,account.data_account_type_fixed_assets,account.account_tag_investing,l10n_ec_oodca.group_10203,False
ac_1020304,1.02.03.04,PLANTAS EN PRODUCCIÓN,l10n_ec_oodca.account_ec_chart_template,account.data_account_type_fixed_assets,account.account_tag_investing,l10n_ec_oodca.group_10203,False
ac_1020305,1.02.03.05,(-) DEPRECIACIÓN ACUMULADA DE ACTIVOS BIOLÓGICOS,l10n_ec_oodca.account_ec_chart_template,account.data_account_type_fixed_assets,account.account_tag_investing,l10n_ec_oodca.group_10203,False
ac_1020306,1.02.03.06,(-) DETERIORO ACUMULADO DE ACTIVOS BIOLÓGICOS,l10n_ec_oodca.account_ec_chart_template,account.data_account_type_fixed_assets,account.account_tag_investing,l10n_ec_oodca.group_10203,False
ac_1020401,1.02.04.01,PLUSVALÍAS,l10n_ec_oodca.account_ec_chart_template,account.data_account_type_non_current_assets,account.account_tag_investing,l10n_ec_oodca.group_10204,False
ac_1020402,1.02.04.02,MARCAS PATENTES DERECHOS DE LLAVE CUOTAS PATRIMONIALES Y OTROS,l10n_ec_oodca.account_ec_chart_template,account.data_account_type_non_current_assets,account.account_tag_investing,l10n_ec_oodca.group_10204,False
ac_1020403,1.02.04.03,ACTIVOS DE EXPLORACIÓN Y EXPLOTACIÓN ,l10n_ec_oodca.account_ec_chart_template,account.data_account_type_non_current_assets,account.account_tag_investing,l10n_ec_oodca.group_10204,False
ac_1020404,1.02.04.04,(-) AMORTIZACIÓN ACUMULADA DE ACTIVOS INTANGIBLE,l10n_ec_oodca.account_ec_chart_template,account.data_account_type_non_current_assets,account.account_tag_investing,l10n_ec_oodca.group_10204,False
ac_1020405,1.02.04.05,(-) DETERIORO ACUMULADO DE ACTIVO INTANGIBLE ,l10n_ec_oodca.account_ec_chart_template,account.data_account_type_non_current_assets,account.account_tag_investing,l10n_ec_oodca.group_10204,False
ac_1020406,1.02.04.06,OTROS INTANGIBLES,l10n_ec_oodca.account_ec_chart_template,account.data_account_type_non_current_assets,account.account_tag_investing,l10n_ec_oodca.group_10204,False
ac_10205,1.02.05,ACTIVOS POR IMPUESTOS DIFERIDOS,l10n_ec_oodca.account_ec_chart_template,account.data_account_type_non_current_assets,account.account_tag_investing,l10n_ec_oodca.group_102,False
ac_1020601,1.02.06.01,ACTIVOS FINANCIEROS NO CORRIENTES MANT.HASTA EL VENCIMIENTO,l10n_ec_oodca.account_ec_chart_template,account.data_account_type_non_current_assets,account.account_tag_investing,l10n_ec_oodca.group_10206,False
ac_1020602,1.02.06.02,(-) PROVISIÓN DETERIORO ACTIVOS FINAN.MANT.HASTA VENCIMIENTO,l10n_ec_oodca.account_ec_chart_template,account.data_account_type_non_current_assets,account.account_tag_investing,l10n_ec_oodca.group_10206,False
ac_1020603,1.02.06.03,DOCUMENTOS Y CUENTAS POR COBRAR ,l10n_ec_oodca.account_ec_chart_template,account.data_account_type_non_current_assets,account.account_tag_investing,l10n_ec_oodca.group_10206,False
ac_1020604,1.02.06.04,(-) PROVISIÓN CUENTAS INCOBRABLES ACTIVOS FINAN.NO CORRIENTES,l10n_ec_oodca.account_ec_chart_template,account.data_account_type_non_current_assets,account.account_tag_investing,l10n_ec_oodca.group_10206,False
ac_1020701,1.02.07.01,INVERSIONES SUBSIDIARIAS,l10n_ec_oodca.account_ec_chart_template,account.data_account_type_non_current_assets,account.account_tag_investing,l10n_ec_oodca.group_10207,False
ac_1020702,1.02.07.02,INVERSIONES ASOCIADAS,l10n_ec_oodca.account_ec_chart_template,account.data_account_type_non_current_assets,account.account_tag_investing,l10n_ec_oodca.group_10207,False
ac_1020703,1.02.07.03,INVERSIONES NEGOCIOS CONJUNTOS,l10n_ec_oodca.account_ec_chart_template,account.data_account_type_non_current_assets,account.account_tag_investing,l10n_ec_oodca.group_10207,False
ac_1020704,1.02.07.04,OTRAS INVERSIONES ,l10n_ec_oodca.account_ec_chart_template,account.data_account_type_non_current_assets,account.account_tag_investing,l10n_ec_oodca.group_10207,False
ac_1020705,1.02.07.05,(-) PROVISIÓN VALUACIÓN DE INVERSIONES,l10n_ec_oodca.account_ec_chart_template,account.data_account_type_non_current_assets,account.account_tag_investing,l10n_ec_oodca.group_10207,False
ac_1020706,1.02.07.06,OTROS ACTIVOS NO CORRIENTES,l10n_ec_oodca.account_ec_chart_template,account.data_account_type_non_current_assets,account.account_tag_investing,l10n_ec_oodca.group_10207,False
ac_20101,2.01.01,PASIVOS CORRIENTES FINAN.VALOR RAZON.CON CAMBIOS RESULTADOS ,l10n_ec_oodca.account_ec_chart_template,account.data_account_type_current_liabilities,account.account_tag_operating,l10n_ec_oodca.group_201,False
ac_20102,2.01.02,PASIVOS CORRIENTES POR CONTRATOS DE ARRENDAMIENTO FINANCIEROS ,l10n_ec_oodca.account_ec_chart_template,account.data_account_type_current_liabilities,account.account_tag_operating,l10n_ec_oodca.group_201,False
ac_2010301,2.01.03.01,CXP CORRIENTES LOCALES,l10n_ec_oodca.account_ec_chart_template,account.data_account_type_payable,account.account_tag_operating,l10n_ec_oodca.group_20103,True
ac_2010302,2.01.03.02,CXP CORRIENTES EXTERIOR,l10n_ec_oodca.account_ec_chart_template,account.data_account_type_payable,account.account_tag_operating,l10n_ec_oodca.group_20103,True
ac_2010303,2.01.03.03,CXP CORRIENTES EMPLEADOS,l10n_ec_oodca.account_ec_chart_template,account.data_account_type_payable,account.account_tag_operating,l10n_ec_oodca.group_20103,True
ac_201040101,2.01.04.01.01,PRÉSTAMO BANCARIO NO 1,l10n_ec_oodca.account_ec_chart_template,account.data_account_type_current_liabilities,account.account_tag_operating,l10n_ec_oodca.group_2010401,False
ac_201040111,2.01.04.01.11,TARJETA DE CRÉDITO NO 1,l10n_ec_oodca.account_ec_chart_template,account.data_account_type_credit_card,account.account_tag_operating,l10n_ec_oodca.group_2010401,False
ac_2010402,2.01.04.02,OBLIGACIONES CORRIENTES CON INSTITUCIONES FINAN.EXTERIOR,l10n_ec_oodca.account_ec_chart_template,account.data_account_type_current_liabilities,account.account_tag_operating,l10n_ec_oodca.group_20104,False
ac_2010501,2.01.05.01,PROVISIONES CORRIENTES LOCALES,l10n_ec_oodca.account_ec_chart_template,account.data_account_type_current_liabilities,account.account_tag_operating,l10n_ec_oodca.group_20105,False
ac_2010502,2.01.05.02,PROVISIONES CORRIENTES DEL EXTERIOR,l10n_ec_oodca.account_ec_chart_template,account.data_account_type_current_liabilities,account.account_tag_operating,l10n_ec_oodca.group_20105,False
ac_20106,2.01.06,PORCIÓN CORRIENTE DE OBLIGACIONES EMITIDAS ,l10n_ec_oodca.account_ec_chart_template,account.data_account_type_current_liabilities,account.account_tag_operating,l10n_ec_oodca.group_201,False
ac_201070101,2.01.07.01.01,OBLIGACIONES CON ADMIN.TRIBUTARIA (IVA) COBRADO EN VENTAS,l10n_ec_oodca.account_ec_chart_template,account.data_account_type_current_liabilities,account.account_tag_operating,l10n_ec_oodca.group_2010701,False
ac_201070102,2.01.07.01.02,OBLIGACIONES CON ADMIN.TRIBUTARIA (IVA) RETENIDO EN COMPRAS,l10n_ec_oodca.account_ec_chart_template,account.data_account_type_current_liabilities,account.account_tag_operating,l10n_ec_oodca.group_2010701,False
ac_201070103,2.01.07.01.03,OBLIGACIONES CON ADMIN.TRIBUTARIA (IR) RETENIDO EN COMPRAS,l10n_ec_oodca.account_ec_chart_template,account.data_account_type_current_liabilities,account.account_tag_operating,l10n_ec_oodca.group_2010701,False
ac_201070104,2.01.07.01.04,OBLIGACIONES CON ADMIN.TRIBUTARIA (ICE) COBRADO EN VENTAS,l10n_ec_oodca.account_ec_chart_template,account.data_account_type_current_liabilities,account.account_tag_operating,l10n_ec_oodca.group_2010701,False
ac_2010702,2.01.07.02,OBLIGACIONES CON ADMIN.TRIBUTARIA (IR) DEL EJERCICIO,l10n_ec_oodca.account_ec_chart_template,account.data_account_type_current_liabilities,account.account_tag_operating,l10n_ec_oodca.group_20107,False
ac_2010703,2.01.07.03,OBLIGACIONES CON EL IESS,l10n_ec_oodca.account_ec_chart_template,account.data_account_type_current_liabilities,account.account_tag_operating,l10n_ec_oodca.group_20107,False
ac_2010704,2.01.07.04,OBLIGACIONES CON LOS EMPLEADOS - POR BENEFICIOS DE LEY,l10n_ec_oodca.account_ec_chart_template,account.data_account_type_current_liabilities,account.account_tag_operating,l10n_ec_oodca.group_20107,False
ac_2010705,2.01.07.05,OBLIGACIONES CON LOS EMPLEADOS - UTILIDADES DEL EJERCICIO ,l10n_ec_oodca.account_ec_chart_template,account.data_account_type_current_liabilities,account.account_tag_operating,l10n_ec_oodca.group_20107,False
ac_2010706,2.01.07.06,OBLIGACIONES CON LOS ACCIONISTAS - DIVIDENDOS POR PAGAR,l10n_ec_oodca.account_ec_chart_template,account.data_account_type_current_liabilities,account.account_tag_operating,l10n_ec_oodca.group_20107,False
ac_20108,2.01.08,CXP DIVERSAS - RELACIONADAS,l10n_ec_oodca.account_ec_chart_template,account.data_account_type_payable,account.account_tag_operating,l10n_ec_oodca.group_201,True
ac_20109,2.01.09,OTROS PASIVOS FINANCIEROS CORRIENTES,l10n_ec_oodca.account_ec_chart_template,account.data_account_type_current_liabilities,account.account_tag_operating,l10n_ec_oodca.group_201,False
ac_20110,2.01.10,ANTICIPOS DE CLIENTES CORRIENTES,l10n_ec_oodca.account_ec_chart_template,account.data_account_type_current_liabilities,account.account_tag_operating,l10n_ec_oodca.group_201,False
ac_20111,2.01.11,PASIVOS DIREC.ASOCIADOS CON ACTIVOS NO CORR.Y OPER.DISCONT.,l10n_ec_oodca.account_ec_chart_template,account.data_account_type_current_liabilities,account.account_tag_operating,l10n_ec_oodca.group_201,False
ac_2011201,2.01.12.01,JUBILACIÓN PATRONAL CORRIENTE,l10n_ec_oodca.account_ec_chart_template,account.data_account_type_current_liabilities,account.account_tag_operating,l10n_ec_oodca.group_20112,False
ac_2011202,2.01.12.02,OTROS BENEFICIOS A LARGO PLAZO PARA LOS EMPLEADOS CORRIENTE,l10n_ec_oodca.account_ec_chart_template,account.data_account_type_current_liabilities,account.account_tag_operating,l10n_ec_oodca.group_20112,False
ac_2011301,2.01.13.01,OBLIGACIONES CON RECOLECTORES BOTELLAS (IRBPNR) EN VENTAS,l10n_ec_oodca.account_ec_chart_template,account.data_account_type_current_liabilities,account.account_tag_operating,l10n_ec_oodca.group_20113,False
ac_20201,2.02.01,PASIVOS NO CORRIENTES EN CONTRATOS ARRENDAMIENTO FINANCIERO ,l10n_ec_oodca.account_ec_chart_template,account.data_account_type_non_current_liabilities,account.account_tag_operating,l10n_ec_oodca.group_202,False
ac_2020201,2.02.02.01,CUENTAS Y DOCUMENTOS POR PAGAR NO CORRIENTES LOCALES,l10n_ec_oodca.account_ec_chart_template,account.data_account_type_non_current_liabilities,account.account_tag_operating,l10n_ec_oodca.group_20202,False
ac_2020202,2.02.02.02,CUENTAS Y DOCUMENTOS POR PAGAR NO CORRIENTES DEL EXTERIOR,l10n_ec_oodca.account_ec_chart_template,account.data_account_type_non_current_liabilities,account.account_tag_operating,l10n_ec_oodca.group_20202,False
ac_2020301,2.02.03.01,OBLIGACIONES NO CORRIENTES INSTITUCIONES FINANCIERAS LOCALES,l10n_ec_oodca.account_ec_chart_template,account.data_account_type_non_current_liabilities,account.account_tag_operating,l10n_ec_oodca.group_20203,False
ac_2020302,2.02.03.02,OBLIGACIONES NO CORRIENTES INSTITUCIONES FINANCIERAS EXTERIOR,l10n_ec_oodca.account_ec_chart_template,account.data_account_type_non_current_liabilities,account.account_tag_operating,l10n_ec_oodca.group_20203,False
ac_2020401,2.02.04.01,CXP NO CORRIENTES RELACIONADAS LOCALES,l10n_ec_oodca.account_ec_chart_template,account.data_account_type_payable,account.account_tag_operating,l10n_ec_oodca.group_20204,True
ac_2020402,2.02.04.02,CXP NO CORRIENTES RELACIONADAS EXTERIOR,l10n_ec_oodca.account_ec_chart_template,account.data_account_type_payable,account.account_tag_operating,l10n_ec_oodca.group_20204,True
ac_20205,2.02.05,OBLIGACIONES EMITIDAS NO CORRIENTES,l10n_ec_oodca.account_ec_chart_template,account.data_account_type_non_current_liabilities,account.account_tag_operating,l10n_ec_oodca.group_202,False
ac_20206,2.02.06,ANTICIPOS DE CLIENTES NO CORRIENTES,l10n_ec_oodca.account_ec_chart_template,account.data_account_type_non_current_liabilities,account.account_tag_operating,l10n_ec_oodca.group_202,False
ac_2020701,2.02.07.01,JUBILACIÓN PATRONAL NO CORRIENTE,l10n_ec_oodca.account_ec_chart_template,account.data_account_type_non_current_liabilities,account.account_tag_operating,l10n_ec_oodca.group_20207,False
ac_2020702,2.02.07.02,OTROS BENEFICIOS NO CORRIENTES PARA LOS EMPLEADOS,l10n_ec_oodca.account_ec_chart_template,account.data_account_type_non_current_liabilities,account.account_tag_operating,l10n_ec_oodca.group_20207,False
ac_20208,2.02.08,OTRAS PROVISIONES NO CORRIENTES,l10n_ec_oodca.account_ec_chart_template,account.data_account_type_non_current_liabilities,account.account_tag_operating,l10n_ec_oodca.group_202,False
ac_2020901,2.02.09.01,INGRESOS DIFERIDOS NO CORRIENTES,l10n_ec_oodca.account_ec_chart_template,account.data_account_type_non_current_liabilities,account.account_tag_operating,l10n_ec_oodca.group_20209,False
ac_2020902,2.02.09.02,PASIVOS POR IMPUESTOS DIFERIDOS ,l10n_ec_oodca.account_ec_chart_template,account.data_account_type_non_current_liabilities,account.account_tag_operating,l10n_ec_oodca.group_20209,False
ac_20210,2.02.10,OTROS PASIVOS NO CORRIENTES,l10n_ec_oodca.account_ec_chart_template,account.data_account_type_non_current_liabilities,account.account_tag_operating,l10n_ec_oodca.group_202,False
ac_30101,3.0.1.01,CAPITAL SUSCRITO O  ASIGNADO,l10n_ec_oodca.account_ec_chart_template,account.data_account_type_equity,account.account_tag_financing,l10n_ec_oodca.group_301,False
ac_30102,3.0.1.02,"(-) CAPITAL SUSCRITO NO PAGADO, ACCIONES EN TESORERÍA ",l10n_ec_oodca.account_ec_chart_template,account.data_account_type_equity,account.account_tag_financing,l10n_ec_oodca.group_301,False
ac_302,3.0.2,APORTES DE SOCIOS O ACCIONISTAS PARA FUTURA CAPITALIZACIÓN,l10n_ec_oodca.account_ec_chart_template,account.data_account_type_equity,account.account_tag_financing,l10n_ec_oodca.group_3,False
ac_303,3.0.3,PRIMA POR EMISIÓN PRIMARIA DE ACCIONES,l10n_ec_oodca.account_ec_chart_template,account.data_account_type_equity,account.account_tag_financing,l10n_ec_oodca.group_3,False
ac_30401,3.0.4.01,RESERVA LEGAL,l10n_ec_oodca.account_ec_chart_template,account.data_account_type_equity,account.account_tag_financing,l10n_ec_oodca.group_304,False
ac_30402,3.0.4.02,RESERVAS FACULTATIVA Y ESTATUTARIA,l10n_ec_oodca.account_ec_chart_template,account.data_account_type_equity,account.account_tag_financing,l10n_ec_oodca.group_304,False
ac_30501,3.0.5.01,SUPERÁVIT DE ACTIVOS FINANCIEROS DISPONIBLES PARA LA VENTA ,l10n_ec_oodca.account_ec_chart_template,account.data_account_type_equity,account.account_tag_financing,l10n_ec_oodca.group_305,False
ac_30502,3.0.5.02,"SUPERÁVIT POR REVALUACIÓN DE PROPIEDADES, PLANTA Y EQUIPO ",l10n_ec_oodca.account_ec_chart_template,account.data_account_type_equity,account.account_tag_financing,l10n_ec_oodca.group_305,False
ac_30503,3.0.5.03,SUPERÁVIT POR REVALUACIÓN DE ACTIVOS INTANGIBLES,l10n_ec_oodca.account_ec_chart_template,account.data_account_type_equity,account.account_tag_financing,l10n_ec_oodca.group_305,False
ac_30504,3.0.5.04,OTROS SUPERÁVIT POR REVALUACIÓN,l10n_ec_oodca.account_ec_chart_template,account.data_account_type_equity,account.account_tag_financing,l10n_ec_oodca.group_305,False
ac_30601,3.0.6.01,GANANCIAS ACUMULADAS,l10n_ec_oodca.account_ec_chart_template,account.data_account_type_equity,account.account_tag_financing,l10n_ec_oodca.group_306,False
ac_30602,3.0.6.02,(-) PÉRDIDAS ACUMULADAS ,l10n_ec_oodca.account_ec_chart_template,account.data_account_type_equity,account.account_tag_financing,l10n_ec_oodca.group_306,False
ac_30603,3.0.6.03,RESULTADOS ACUMULADOS PROV.ADOPCIÓN POR PRIMERA VEZ NIIF ,l10n_ec_oodca.account_ec_chart_template,account.data_account_type_equity,account.account_tag_financing,l10n_ec_oodca.group_306,False
ac_30604,3.0.6.04,RESERVA DE CAPITAL,l10n_ec_oodca.account_ec_chart_template,account.data_account_type_equity,account.account_tag_financing,l10n_ec_oodca.group_306,False
ac_30605,3.0.6.05,RESERVA POR DONACIONES,l10n_ec_oodca.account_ec_chart_template,account.data_account_type_equity,account.account_tag_financing,l10n_ec_oodca.group_306,False
ac_30606,3.0.6.06,RESERVA POR VALUACIÓN,l10n_ec_oodca.account_ec_chart_template,account.data_account_type_equity,account.account_tag_financing,l10n_ec_oodca.group_306,False
ac_30607,3.0.6.07,SUPERÁVIT POR REVALUACIÓN DE INVERSIONES,l10n_ec_oodca.account_ec_chart_template,account.data_account_type_equity,account.account_tag_financing,l10n_ec_oodca.group_306,False
ac_30701,3.0.7.01,GANANCIA NETA DEL PERIODO,l10n_ec_oodca.account_ec_chart_template,account.data_account_type_equity,account.account_tag_financing,l10n_ec_oodca.group_307,False
ac_30702,3.0.7.02,(-) PÉRDIDA NETA DEL PERIODO,l10n_ec_oodca.account_ec_chart_template,account.data_account_type_equity,account.account_tag_financing,l10n_ec_oodca.group_307,False
ac_31101,3.1.1.01,PARTICIPACIÓN NO CONTROLADORAS,l10n_ec_oodca.account_ec_chart_template,account.data_account_type_equity,account.account_tag_financing,l10n_ec_oodca.group_311,False
ac_4101,4.1.01,VENTA DE BIENES,l10n_ec_oodca.account_ec_chart_template,account.data_account_type_revenue,account.account_tag_operating,l10n_ec_oodca.group_41,False
ac_410201,4.1.02.01,PRESTACIÓN DE SERVICIOS DE CAPACITACIÓN,l10n_ec_oodca.account_ec_chart_template,account.data_account_type_revenue,account.account_tag_operating,l10n_ec_oodca.group_4102,False
ac_410202,4.1.02.02,PRESTACIÓN DE SERVICIOS DE HOSPEDAJE DE SERVIDORES,l10n_ec_oodca.account_ec_chart_template,account.data_account_type_revenue,account.account_tag_operating,l10n_ec_oodca.group_4102,False
ac_410203,4.1.02.03,PRESTACIÓN DE SERVICIOS DE IMPLEMENTACIÓN,l10n_ec_oodca.account_ec_chart_template,account.data_account_type_revenue,account.account_tag_operating,l10n_ec_oodca.group_4102,False
ac_410204,4.1.02.04,PRESTACIÓN DE SERVICIOS DE LICENCIAMIENTO,l10n_ec_oodca.account_ec_chart_template,account.data_account_type_revenue,account.account_tag_operating,l10n_ec_oodca.group_4102,False
ac_410205,4.1.02.05,PRESTACIÓN DE SERVICIOS DE MANTENIMIENTO,l10n_ec_oodca.account_ec_chart_template,account.data_account_type_revenue,account.account_tag_operating,l10n_ec_oodca.group_4102,False
ac_410206,4.1.02.06,PRESTACIÓN DE SERVICIOS DE INFORMACION ELECTRONICA,l10n_ec_oodca.account_ec_chart_template,account.data_account_type_revenue,account.account_tag_operating,l10n_ec_oodca.group_4102,False
ac_410299,4.1.02.99,OTRAS PRESTACIÓNES DE SERVICIOS,l10n_ec_oodca.account_ec_chart_template,account.data_account_type_revenue,account.account_tag_operating,l10n_ec_oodca.group_4102,False
ac_4103,4.1.03,CONTRATOS DE CONSTRUCCIÓN,l10n_ec_oodca.account_ec_chart_template,account.data_account_type_revenue,account.account_tag_operating,l10n_ec_oodca.group_41,False
ac_4104,4.1.04,SUBVENCIONES DEL GOBIERNO,l10n_ec_oodca.account_ec_chart_template,account.data_account_type_revenue,account.account_tag_operating,l10n_ec_oodca.group_41,False
ac_4105,4.1.05,REGALÍAS,l10n_ec_oodca.account_ec_chart_template,account.data_account_type_revenue,account.account_tag_operating,l10n_ec_oodca.group_41,False
ac_410601,4.1.06.01,INTERESES GENERADOS POR VENTAS A CRÉDITO,l10n_ec_oodca.account_ec_chart_template,account.data_account_type_revenue,account.account_tag_operating,l10n_ec_oodca.group_4106,False
ac_410602,4.1.06.02,OTROS INTERESES GENERADOS,l10n_ec_oodca.account_ec_chart_template,account.data_account_type_revenue,account.account_tag_operating,l10n_ec_oodca.group_4106,False
ac_4107,4.1.07,DIVIDENDOS,l10n_ec_oodca.account_ec_chart_template,account.data_account_type_revenue,account.account_tag_operating,l10n_ec_oodca.group_41,False
ac_4108,4.1.08,GANANCIA POR MEDICIÓN A VALOR RAZONABLE ACTIVOS BIOLÓGICOS,l10n_ec_oodca.account_ec_chart_template,account.data_account_type_revenue,account.account_tag_operating,l10n_ec_oodca.group_41,False
ac_4109,4.1.09,OTROS INGRESOS DE ACTIVIDADES ORDINARIAS,l10n_ec_oodca.account_ec_chart_template,account.data_account_type_revenue,account.account_tag_operating,l10n_ec_oodca.group_41,False
ac_4110,4.1.10,(-) DESCUENTO EN VENTAS,l10n_ec_oodca.account_ec_chart_template,account.data_account_type_revenue,account.account_tag_operating,l10n_ec_oodca.group_41,False
ac_4111,4.1.11,(-) DEVOLUCIONES EN VENTAS,l10n_ec_oodca.account_ec_chart_template,account.data_account_type_revenue,account.account_tag_operating,l10n_ec_oodca.group_41,False
ac_4112,4.1.12,(-) BONIFICACIÓN EN PRODUCTO,l10n_ec_oodca.account_ec_chart_template,account.data_account_type_revenue,account.account_tag_operating,l10n_ec_oodca.group_41,False
ac_4113,4.1.13,(-) OTRAS REBAJAS COMERCIALES,l10n_ec_oodca.account_ec_chart_template,account.data_account_type_revenue,account.account_tag_operating,l10n_ec_oodca.group_41,False
ac_4301,4.3.01,DIVIDENDOS ,l10n_ec_oodca.account_ec_chart_template,account.data_account_type_other_income,account.account_tag_operating,l10n_ec_oodca.group_43,False
ac_4302,4.3.02,INTERESES FINANCIEROS ,l10n_ec_oodca.account_ec_chart_template,account.data_account_type_other_income,account.account_tag_operating,l10n_ec_oodca.group_43,False
ac_4303,4.3.03,GANANCIA EN INVERSIONES EN ASOCIADAS - SUBSIDIARIAS Y OTRAS,l10n_ec_oodca.account_ec_chart_template,account.data_account_type_other_income,account.account_tag_operating,l10n_ec_oodca.group_43,False
ac_4304,4.3.04,VALUACIÓN INSTR.FINANC.A VALOR RAZON.Y CAMBIO EN RESULTADOS,l10n_ec_oodca.account_ec_chart_template,account.data_account_type_other_income,account.account_tag_operating,l10n_ec_oodca.group_43,False
ac_4305,4.3.05,OTRAS RENTAS,l10n_ec_oodca.account_ec_chart_template,account.data_account_type_other_income,account.account_tag_operating,l10n_ec_oodca.group_43,False
ac_510102,5.1.01.02,(+) COMPRAS NETAS LOCALES BIENES NO PRODUCIDOS EN LA COMPAÑÍA,l10n_ec_oodca.account_ec_chart_template,account.data_account_type_direct_costs,account.account_tag_operating,l10n_ec_oodca.group_5101,False
ac_510103,5.1.01.03,(+) IMPORTACIONES DE BIENES NO PRODUCIDOS POR LA COMPAÑÍA,l10n_ec_oodca.account_ec_chart_template,account.data_account_type_direct_costs,account.account_tag_operating,l10n_ec_oodca.group_5101,False
ac_510106,5.1.01.06,(+) COMPRAS NETAS LOCALES DE MATERIA PRIMA,l10n_ec_oodca.account_ec_chart_template,account.data_account_type_direct_costs,account.account_tag_operating,l10n_ec_oodca.group_5101,False
ac_510107,5.1.01.07,(+) IMPORTACIONES DE MATERIA PRIMA,l10n_ec_oodca.account_ec_chart_template,account.data_account_type_direct_costs,account.account_tag_operating,l10n_ec_oodca.group_5101,False
ac_510121,5.1.01.21,(+) PRODUCTOS TERMINADOS O PRODUCIDOS,l10n_ec_oodca.account_ec_chart_template,account.data_account_type_direct_costs,account.account_tag_operating,l10n_ec_oodca.group_5101,False
ac_510201,5.1.02.01,SUELDOS Y BENEFICIOS SOCIALES,l10n_ec_oodca.account_ec_chart_template,account.data_account_type_direct_costs,account.account_tag_operating,l10n_ec_oodca.group_5102,False
ac_510202,5.1.02.02,GASTO PLANES DE BENEFICIOS A EMPLEADOS,l10n_ec_oodca.account_ec_chart_template,account.data_account_type_direct_costs,account.account_tag_operating,l10n_ec_oodca.group_5102,False
ac_510301,5.1.03.01,SUELDOS Y BENEFICIOS SOCIALES,l10n_ec_oodca.account_ec_chart_template,account.data_account_type_direct_costs,account.account_tag_operating,l10n_ec_oodca.group_5103,False
ac_510302,5.1.03.02,GASTO PLANES DE BENEFICIOS A EMPLEADOS,l10n_ec_oodca.account_ec_chart_template,account.data_account_type_direct_costs,account.account_tag_operating,l10n_ec_oodca.group_5103,False
ac_510401,5.1.04.01,"DEPRECIACIÓN PROPIEDADES, PLANTA Y EQUIPO",l10n_ec_oodca.account_ec_chart_template,account.data_account_type_direct_costs,account.account_tag_operating,l10n_ec_oodca.group_5104,False
ac_510402,5.1.04.02,DETERIORO O PERDIDAS DE ACTIVOS BIOLÓGICOS,l10n_ec_oodca.account_ec_chart_template,account.data_account_type_direct_costs,account.account_tag_operating,l10n_ec_oodca.group_5104,False
ac_510403,5.1.04.03,"DETERIORO DE PROPIEDAD, PLANTA Y EQUIPO",l10n_ec_oodca.account_ec_chart_template,account.data_account_type_direct_costs,account.account_tag_operating,l10n_ec_oodca.group_5104,False
ac_510404,5.1.04.04,EFECTO VALOR NETO DE REALIZACIÓN DE INVENTARIOS,l10n_ec_oodca.account_ec_chart_template,account.data_account_type_direct_costs,account.account_tag_operating,l10n_ec_oodca.group_5104,False
ac_510405,5.1.04.05,GASTO POR GARANTÍAS EN VENTA DE PRODUCTOS O SERVICIOS,l10n_ec_oodca.account_ec_chart_template,account.data_account_type_direct_costs,account.account_tag_operating,l10n_ec_oodca.group_5104,False
ac_510406,5.1.04.06,MANTENIMIENTO Y REPARACIONES,l10n_ec_oodca.account_ec_chart_template,account.data_account_type_direct_costs,account.account_tag_operating,l10n_ec_oodca.group_5104,False
ac_510407,5.1.04.07,SUMINISTROS MATERIALES Y REPUESTOS,l10n_ec_oodca.account_ec_chart_template,account.data_account_type_direct_costs,account.account_tag_operating,l10n_ec_oodca.group_5104,False
ac_510408,5.1.04.08,OTROS COSTOS DE PRODUCCIÓN,l10n_ec_oodca.account_ec_chart_template,account.data_account_type_direct_costs,account.account_tag_operating,l10n_ec_oodca.group_5104,False
ac_520101,5.2.01.01,"SUELDOS, SALARIOS Y DEMÁS REMUNERACIONES",l10n_ec_oodca.account_ec_chart_template,account.data_account_type_expenses,account.account_tag_operating,l10n_ec_oodca.group_5201,False
ac_520102,5.2.01.02,APORTES A LA SEGURIDAD SOCIAL (INCLUIDO FONDO DE RESERVA),l10n_ec_oodca.account_ec_chart_template,account.data_account_type_expenses,account.account_tag_operating,l10n_ec_oodca.group_5201,False
ac_520103,5.2.01.03,BENEFICIOS SOCIALES E INDEMNIZACIONES,l10n_ec_oodca.account_ec_chart_template,account.data_account_type_expenses,account.account_tag_operating,l10n_ec_oodca.group_5201,False
ac_520104,5.2.01.04,GASTO PLANES DE BENEFICIOS A EMPLEADOS,l10n_ec_oodca.account_ec_chart_template,account.data_account_type_expenses,account.account_tag_operating,l10n_ec_oodca.group_5201,False
ac_520105,5.2.01.05,"HONORARIOS, COMISIONES Y DIETAS A PERSONAS NATURALES",l10n_ec_oodca.account_ec_chart_template,account.data_account_type_expenses,account.account_tag_operating,l10n_ec_oodca.group_5201,False
ac_520106,5.2.01.06,REMUNERACIONES A OTROS TRABAJADORES AUTÓNOMOS,l10n_ec_oodca.account_ec_chart_template,account.data_account_type_expenses,account.account_tag_operating,l10n_ec_oodca.group_5201,False
ac_520107,5.2.01.07,HONORARIOS A EXTRANJEROS POR SERVICIOS OCASIONALES,l10n_ec_oodca.account_ec_chart_template,account.data_account_type_expenses,account.account_tag_operating,l10n_ec_oodca.group_5201,False
ac_520108,5.2.01.08,MANTENIMIENTO Y REPARACIONES,l10n_ec_oodca.account_ec_chart_template,account.data_account_type_expenses,account.account_tag_operating,l10n_ec_oodca.group_5201,False
ac_520109,5.2.01.09,ARRENDAMIENTO OPERATIVO ,l10n_ec_oodca.account_ec_chart_template,account.data_account_type_expenses,account.account_tag_operating,l10n_ec_oodca.group_5201,False
ac_520110,5.2.01.10,COMISIONES,l10n_ec_oodca.account_ec_chart_template,account.data_account_type_expenses,account.account_tag_operating,l10n_ec_oodca.group_5201,False
ac_520111,5.2.01.11,PROMOCIÓN Y PUBLICIDAD,l10n_ec_oodca.account_ec_chart_template,account.data_account_type_expenses,account.account_tag_operating,l10n_ec_oodca.group_5201,False
ac_520112,5.2.01.12,COMBUSTIBLES,l10n_ec_oodca.account_ec_chart_template,account.data_account_type_expenses,account.account_tag_operating,l10n_ec_oodca.group_5201,False
ac_520113,5.2.01.13,LUBRICANTES ,l10n_ec_oodca.account_ec_chart_template,account.data_account_type_expenses,account.account_tag_operating,l10n_ec_oodca.group_5201,False
ac_520114,5.2.01.14,SEGUROS Y REASEGUROS (PRIMAS Y CESIONES),l10n_ec_oodca.account_ec_chart_template,account.data_account_type_expenses,account.account_tag_operating,l10n_ec_oodca.group_5201,False
ac_520115,5.2.01.15,TRANSPORTE,l10n_ec_oodca.account_ec_chart_template,account.data_account_type_expenses,account.account_tag_operating,l10n_ec_oodca.group_5201,False
ac_520116,5.2.01.16,GASTOS DE GESTIÓN (AGASAJOS ACCION.TRABAJ.CLIENTES),l10n_ec_oodca.account_ec_chart_template,account.data_account_type_expenses,account.account_tag_operating,l10n_ec_oodca.group_5201,False
ac_520117,5.2.01.17,GASTOS DE VIAJE,l10n_ec_oodca.account_ec_chart_template,account.data_account_type_expenses,account.account_tag_operating,l10n_ec_oodca.group_5201,False
ac_520118,5.2.01.18,"AGUA, ENERGÍA, LUZ, Y TELECOMUNICACIONES",l10n_ec_oodca.account_ec_chart_template,account.data_account_type_expenses,account.account_tag_operating,l10n_ec_oodca.group_5201,False
ac_520119,5.2.01.19,NOTARIOS Y REGISTRADORES DE LA PROPIEDAD O MERCANTILES,l10n_ec_oodca.account_ec_chart_template,account.data_account_type_expenses,account.account_tag_operating,l10n_ec_oodca.group_5201,False
ac_52012101,5.2.01.21.01,"DEPRECIACIONES PROPIEDADES, PLANTA Y EQUIPO",l10n_ec_oodca.account_ec_chart_template,account.data_account_type_expenses,account.account_tag_operating,l10n_ec_oodca.group_520121,False
ac_52012102,5.2.01.21.02,DEPRECIACIONES PROPIEDADES DE INVERSIÓN,l10n_ec_oodca.account_ec_chart_template,account.data_account_type_expenses,account.account_tag_operating,l10n_ec_oodca.group_520121,False
ac_52012201,5.2.01.22.01,AMORTIZACIONES INTANGIBLES,l10n_ec_oodca.account_ec_chart_template,account.data_account_type_expenses,account.account_tag_operating,l10n_ec_oodca.group_520122,False
ac_52012202,5.2.01.22.02,AMORTIZACIONES OTROS ACTIVOS,l10n_ec_oodca.account_ec_chart_template,account.data_account_type_expenses,account.account_tag_operating,l10n_ec_oodca.group_520122,False
ac_52012301,5.2.01.23.01,"GASTO DETERIORO PROPIEDADES, PLANTA Y EQUIPO",l10n_ec_oodca.account_ec_chart_template,account.data_account_type_expenses,account.account_tag_operating,l10n_ec_oodca.group_520123,False
ac_52012401,5.2.01.24.01,CANTIDADES ANORMALES MANO DE OBRA,l10n_ec_oodca.account_ec_chart_template,account.data_account_type_expenses,account.account_tag_operating,l10n_ec_oodca.group_520124,False
ac_52012402,5.2.01.24.02,CANTIDADES ANORMALES  MATERIALES,l10n_ec_oodca.account_ec_chart_template,account.data_account_type_expenses,account.account_tag_operating,l10n_ec_oodca.group_520124,False
ac_52012403,5.2.01.24.03,CANTIDADES ANORMALES  COSTOS DE PRODUCCIÓN,l10n_ec_oodca.account_ec_chart_template,account.data_account_type_expenses,account.account_tag_operating,l10n_ec_oodca.group_520124,False
ac_520125,5.2.01.25,GASTO POR REESTRUCTURACIÓN,l10n_ec_oodca.account_ec_chart_template,account.data_account_type_expenses,account.account_tag_operating,l10n_ec_oodca.group_5201,False
ac_520126,5.2.01.26,VALOR NETO DE REALIZACIÓN DE INVENTARIOS,l10n_ec_oodca.account_ec_chart_template,account.data_account_type_expenses,account.account_tag_operating,l10n_ec_oodca.group_5201,False
ac_52012801,5.2.01.28.01,COMPRA DE BIENES EN EL EXTERIOR,l10n_ec_oodca.account_ec_chart_template,account.data_account_type_expenses,account.account_tag_operating,l10n_ec_oodca.group_520128,False
ac_52012802,5.2.01.28.02,COMPRA DE BIENES/SERVICIOS NO SUJ.RET.,l10n_ec_oodca.account_ec_chart_template,account.data_account_type_expenses,account.account_tag_operating,l10n_ec_oodca.group_520128,False
ac_52012803,5.2.01.28.03,IR COMPRA BIENES EN EL EXTERIOR,l10n_ec_oodca.account_ec_chart_template,account.data_account_type_expenses,account.account_tag_operating,l10n_ec_oodca.group_520128,False
ac_52012804,5.2.01.28.04,IR COMPRA SERVICIOS EN EL EXTERIOR,l10n_ec_oodca.account_ec_chart_template,account.data_account_type_expenses,account.account_tag_operating,l10n_ec_oodca.group_520128,False
ac_52012805,5.2.01.28.05,LICENCIAS,l10n_ec_oodca.account_ec_chart_template,account.data_account_type_expenses,account.account_tag_operating,l10n_ec_oodca.group_520128,False
ac_52012806,5.2.01.28.06,LIQUIDACIÓN DE COMPRA,l10n_ec_oodca.account_ec_chart_template,account.data_account_type_expenses,account.account_tag_operating,l10n_ec_oodca.group_520128,False
ac_52012807,5.2.01.28.07,REGALÍAS & DERECHOS DE AUTOR,l10n_ec_oodca.account_ec_chart_template,account.data_account_type_expenses,account.account_tag_operating,l10n_ec_oodca.group_520128,False
ac_52012808,5.2.01.28.08,SERVICIOS DE CAPACITACION,l10n_ec_oodca.account_ec_chart_template,account.data_account_type_expenses,account.account_tag_operating,l10n_ec_oodca.group_520128,False
ac_52012809,5.2.01.28.09,SERVICIOS DE ENVÍO DE PAQUETES,l10n_ec_oodca.account_ec_chart_template,account.data_account_type_expenses,account.account_tag_operating,l10n_ec_oodca.group_520128,False
ac_52012810,5.2.01.28.10,SERVICIOS DE HOSPEDAJE INFORMATICO,l10n_ec_oodca.account_ec_chart_template,account.data_account_type_expenses,account.account_tag_operating,l10n_ec_oodca.group_520128,False
ac_52012811,5.2.01.28.11,SERVICIOS DE IMPLEMENTACIÓN INFORMATICA,l10n_ec_oodca.account_ec_chart_template,account.data_account_type_expenses,account.account_tag_operating,l10n_ec_oodca.group_520128,False
ac_52012812,5.2.01.28.12,SERVICIOS DE INFORMACION ELECTRONICA,l10n_ec_oodca.account_ec_chart_template,account.data_account_type_expenses,account.account_tag_operating,l10n_ec_oodca.group_520128,False
ac_52012813,5.2.01.28.13,SERVICIOS DE MANTENIMIENTO INFORMATICO,l10n_ec_oodca.account_ec_chart_template,account.data_account_type_expenses,account.account_tag_operating,l10n_ec_oodca.group_520128,False
ac_52012814,5.2.01.28.14,SERVICIOS EN EL EXTERIOR,l10n_ec_oodca.account_ec_chart_template,account.data_account_type_expenses,account.account_tag_operating,l10n_ec_oodca.group_520128,False
ac_52012815,5.2.01.28.15,SUMINISTROS DE OFICINA Y OPERATIVOS,l10n_ec_oodca.account_ec_chart_template,account.data_account_type_expenses,account.account_tag_operating,l10n_ec_oodca.group_520128,False
ac_52012899,5.2.01.28.99,OTROS GASTOS DE VENTA,l10n_ec_oodca.account_ec_chart_template,account.data_account_type_expenses,account.account_tag_operating,l10n_ec_oodca.group_520128,False
ac_520201,5.2.02.01,"SUELDOS, SALARIOS Y DEMÁS REMUNERACIONES",l10n_ec_oodca.account_ec_chart_template,account.data_account_type_expenses,account.account_tag_operating,l10n_ec_oodca.group_5202,False
ac_520202,5.2.02.02,APORTES A LA SEGURIDAD SOCIAL (INC.FONDO DE RESERVA),l10n_ec_oodca.account_ec_chart_template,account.data_account_type_expenses,account.account_tag_operating,l10n_ec_oodca.group_5202,False
ac_520203,5.2.02.03,BENEFICIOS SOCIALES E INDEMNIZACIONES,l10n_ec_oodca.account_ec_chart_template,account.data_account_type_expenses,account.account_tag_operating,l10n_ec_oodca.group_5202,False
ac_520204,5.2.02.04,GASTO PLANES DE BENEFICIOS A EMPLEADOS,l10n_ec_oodca.account_ec_chart_template,account.data_account_type_expenses,account.account_tag_operating,l10n_ec_oodca.group_5202,False
ac_520205,5.2.02.05,"HONORARIOS, COMISIONES Y DIETAS A PERSONAS NATURALES",l10n_ec_oodca.account_ec_chart_template,account.data_account_type_expenses,account.account_tag_operating,l10n_ec_oodca.group_5202,False
ac_520206,5.2.02.06,REMUNERACIONES A OTROS TRABAJADORES AUTÓNOMOS,l10n_ec_oodca.account_ec_chart_template,account.data_account_type_expenses,account.account_tag_operating,l10n_ec_oodca.group_5202,False
ac_520207,5.2.02.07,HONORARIOS A EXTRANJEROS POR SERVICIOS OCASIONALES,l10n_ec_oodca.account_ec_chart_template,account.data_account_type_expenses,account.account_tag_operating,l10n_ec_oodca.group_5202,False
ac_520208,5.2.02.08,MANTENIMIENTO Y REPARACIONES,l10n_ec_oodca.account_ec_chart_template,account.data_account_type_expenses,account.account_tag_operating,l10n_ec_oodca.group_5202,False
ac_520209,5.2.02.09,ARRENDAMIENTO OPERATIVO ,l10n_ec_oodca.account_ec_chart_template,account.data_account_type_expenses,account.account_tag_operating,l10n_ec_oodca.group_5202,False
ac_520210,5.2.02.10,COMISIONES,l10n_ec_oodca.account_ec_chart_template,account.data_account_type_expenses,account.account_tag_operating,l10n_ec_oodca.group_5202,False
ac_520212,5.2.02.12,COMBUSTIBLES,l10n_ec_oodca.account_ec_chart_template,account.data_account_type_expenses,account.account_tag_operating,l10n_ec_oodca.group_5202,False
ac_520213,5.2.02.13,LUBRICANTES ,l10n_ec_oodca.account_ec_chart_template,account.data_account_type_expenses,account.account_tag_operating,l10n_ec_oodca.group_5202,False
ac_520214,5.2.02.14,SEGUROS Y REASEGUROS (PRIMAS Y CESIONES),l10n_ec_oodca.account_ec_chart_template,account.data_account_type_expenses,account.account_tag_operating,l10n_ec_oodca.group_5202,False
ac_520215,5.2.02.15,TRANSPORTE,l10n_ec_oodca.account_ec_chart_template,account.data_account_type_expenses,account.account_tag_operating,l10n_ec_oodca.group_5202,False
ac_520216,5.2.02.16,GASTOS DE GESTIÓN (AGASAJOS ACCION.TRABAJ.CLIENTES),l10n_ec_oodca.account_ec_chart_template,account.data_account_type_expenses,account.account_tag_operating,l10n_ec_oodca.group_5202,False
ac_520217,5.2.02.17,GASTOS DE VIAJE,l10n_ec_oodca.account_ec_chart_template,account.data_account_type_expenses,account.account_tag_operating,l10n_ec_oodca.group_5202,False
ac_520218,5.2.02.18,"AGUA, ENERGÍA, LUZ, Y TELECOMUNICACIONES",l10n_ec_oodca.account_ec_chart_template,account.data_account_type_expenses,account.account_tag_operating,l10n_ec_oodca.group_5202,False
ac_520219,5.2.02.19,NOTARIOS Y REGISTRADORES DE LA PROPIEDAD O MERCANTILES,l10n_ec_oodca.account_ec_chart_template,account.data_account_type_expenses,account.account_tag_operating,l10n_ec_oodca.group_5202,False
ac_52022001,5.2.02.20.01,CONTRIBUCIONES,l10n_ec_oodca.account_ec_chart_template,account.data_account_type_expenses,account.account_tag_operating,l10n_ec_oodca.group_520220,False
ac_52022002,5.2.02.20.02,IMPUESTO (IVA) PAGADO EN COMPRAS,l10n_ec_oodca.account_ec_chart_template,account.data_account_type_expenses,account.account_tag_operating,l10n_ec_oodca.group_520220,False
ac_52022003,5.2.02.20.03,IMPUESTO (IRBPNR) PAGADO EN COMPRAS,l10n_ec_oodca.account_ec_chart_template,account.data_account_type_expenses,account.account_tag_operating,l10n_ec_oodca.group_520220,False
ac_52022004,5.2.02.20.04,IMPUESTO (ICE) PAGADO EN COMPRAS,l10n_ec_oodca.account_ec_chart_template,account.data_account_type_expenses,account.account_tag_operating,l10n_ec_oodca.group_520220,False
ac_52022005,5.2.02.20.05,IMPUESTOS Y PERMISOS AMBIENTALES - MIN.AMBIENTE,l10n_ec_oodca.account_ec_chart_template,account.data_account_type_expenses,account.account_tag_operating,l10n_ec_oodca.group_520220,False
ac_52022006,5.2.02.20.06,IMPUESTOS Y PERMISOS MUNICIPALES,l10n_ec_oodca.account_ec_chart_template,account.data_account_type_expenses,account.account_tag_operating,l10n_ec_oodca.group_520220,False
ac_52022007,5.2.02.20.07,IMPUESTO (IR) EN EL EXTRANJERO GENERADO EN COMPRAS,l10n_ec_oodca.account_ec_chart_template,account.data_account_type_expenses,account.account_tag_operating,l10n_ec_oodca.group_520220,False
ac_52022101,5.2.02.21.01,"DEPRECIACIONES PROPIEDADES, PLANTA Y EQUIPO",l10n_ec_oodca.account_ec_chart_template,account.data_account_type_expenses,account.account_tag_operating,l10n_ec_oodca.group_520221,False
ac_52022102,5.2.02.21.02,DEPRECIACIONES PROPIEDADES DE INVERSIÓN,l10n_ec_oodca.account_ec_chart_template,account.data_account_type_expenses,account.account_tag_operating,l10n_ec_oodca.group_520221,False
ac_52022201,5.2.02.22.01,AMORTIZACIONES INTANGIBLES,l10n_ec_oodca.account_ec_chart_template,account.data_account_type_expenses,account.account_tag_operating,l10n_ec_oodca.group_520222,False
ac_52022202,5.2.02.22.02,AMORTIZACIONES OTROS ACTIVOS,l10n_ec_oodca.account_ec_chart_template,account.data_account_type_expenses,account.account_tag_operating,l10n_ec_oodca.group_520222,False
ac_52022301,5.2.02.23.01,"GASTO DETERIORO PROPIEDADES, PLANTA Y EQUIPO",l10n_ec_oodca.account_ec_chart_template,account.data_account_type_expenses,account.account_tag_operating,l10n_ec_oodca.group_520223,False
ac_52022302,5.2.02.23.02,GASTO DETERIORO INVENTARIOS,l10n_ec_oodca.account_ec_chart_template,account.data_account_type_expenses,account.account_tag_operating,l10n_ec_oodca.group_520223,False
ac_52022303,5.2.02.23.03,GASTO DETERIORO INSTRUMENTOS FINANCIEROS,l10n_ec_oodca.account_ec_chart_template,account.data_account_type_expenses,account.account_tag_operating,l10n_ec_oodca.group_520223,False
ac_52022304,5.2.02.23.04,GASTO DETERIORO INTANGIBLES,l10n_ec_oodca.account_ec_chart_template,account.data_account_type_expenses,account.account_tag_operating,l10n_ec_oodca.group_520223,False
ac_52022305,5.2.02.23.05,GASTO DETERIORO CUENTAS POR COBRAR,l10n_ec_oodca.account_ec_chart_template,account.data_account_type_expenses,account.account_tag_operating,l10n_ec_oodca.group_520223,False
ac_52022306,5.2.02.23.06,GASTO DETERIORO OTROS ACTIVOS,l10n_ec_oodca.account_ec_chart_template,account.data_account_type_expenses,account.account_tag_operating,l10n_ec_oodca.group_520223,False
ac_52022401,5.2.02.24.01,GASTOS CANTIDADES ANORMALES MANO DE OBRA,l10n_ec_oodca.account_ec_chart_template,account.data_account_type_expenses,account.account_tag_operating,l10n_ec_oodca.group_520224,False
ac_52022402,5.2.02.24.02,GASTOS CANTIDADES ANORMALES MATERIALES,l10n_ec_oodca.account_ec_chart_template,account.data_account_type_expenses,account.account_tag_operating,l10n_ec_oodca.group_520224,False
ac_52022403,5.2.02.24.03,GASTOS CANTIDADES ANORMALES COSTOS DE PRODUCCIÓN,l10n_ec_oodca.account_ec_chart_template,account.data_account_type_expenses,account.account_tag_operating,l10n_ec_oodca.group_520224,False
ac_520225,5.2.02.25,GASTO POR REESTRUCTURACIÓN,l10n_ec_oodca.account_ec_chart_template,account.data_account_type_expenses,account.account_tag_operating,l10n_ec_oodca.group_5202,False
ac_520226,5.2.02.26,VALOR NETO DE REALIZACIÓN DE INVENTARIOS,l10n_ec_oodca.account_ec_chart_template,account.data_account_type_expenses,account.account_tag_operating,l10n_ec_oodca.group_5202,False
ac_520227,5.2.02.27,GASTO IMPUESTO A LA RENTA (ACTIVOS Y PASIVOS DIFERIDOS),l10n_ec_oodca.account_ec_chart_template,account.data_account_type_expenses,account.account_tag_operating,l10n_ec_oodca.group_5202,False
ac_52022801,5.2.02.28.01,COMPRA DE BIENES EN EL EXTERIOR,l10n_ec_oodca.account_ec_chart_template,account.data_account_type_expenses,account.account_tag_operating,l10n_ec_oodca.group_520228,False
ac_52022802,5.2.02.28.02,COMPRA DE BIENES/SERVICIOS NO SUJ.RET.,l10n_ec_oodca.account_ec_chart_template,account.data_account_type_expenses,account.account_tag_operating,l10n_ec_oodca.group_520228,False
ac_52022803,5.2.02.28.03,IR COMPRA BIENES EN EL EXTERIOR,l10n_ec_oodca.account_ec_chart_template,account.data_account_type_expenses,account.account_tag_operating,l10n_ec_oodca.group_520228,False
ac_52022804,5.2.02.28.04,IR COMPRA SERVICIOS EN EL EXTERIOR,l10n_ec_oodca.account_ec_chart_template,account.data_account_type_expenses,account.account_tag_operating,l10n_ec_oodca.group_520228,False
ac_52022805,5.2.02.28.05,LICENCIAS,l10n_ec_oodca.account_ec_chart_template,account.data_account_type_expenses,account.account_tag_operating,l10n_ec_oodca.group_520228,False
ac_52022806,5.2.02.28.06,LIQUIDACIÓN DE COMPRA,l10n_ec_oodca.account_ec_chart_template,account.data_account_type_expenses,account.account_tag_operating,l10n_ec_oodca.group_520228,False
ac_52022807,5.2.02.28.07,REGALÍAS & DERECHOS DE AUTOR,l10n_ec_oodca.account_ec_chart_template,account.data_account_type_expenses,account.account_tag_operating,l10n_ec_oodca.group_520228,False
ac_52022808,5.2.02.28.08,SERVICIOS DE CAPACITACION,l10n_ec_oodca.account_ec_chart_template,account.data_account_type_expenses,account.account_tag_operating,l10n_ec_oodca.group_520228,False
ac_52022809,5.2.02.28.09,SERVICIOS DE ENVÍO DE PAQUETES,l10n_ec_oodca.account_ec_chart_template,account.data_account_type_expenses,account.account_tag_operating,l10n_ec_oodca.group_520228,False
ac_52022810,5.2.02.28.10,SERVICIOS DE HOSPEDAJE INFORMATICO,l10n_ec_oodca.account_ec_chart_template,account.data_account_type_expenses,account.account_tag_operating,l10n_ec_oodca.group_520228,False
ac_52022811,5.2.02.28.11,SERVICIOS DE IMPLEMENTACIÓN INFORMATICA,l10n_ec_oodca.account_ec_chart_template,account.data_account_type_expenses,account.account_tag_operating,l10n_ec_oodca.group_520228,False
ac_52022812,5.2.02.28.12,SERVICIOS DE INFORMACION ELECTRONICA,l10n_ec_oodca.account_ec_chart_template,account.data_account_type_expenses,account.account_tag_operating,l10n_ec_oodca.group_520228,False
ac_52022813,5.2.02.28.13,SERVICIOS DE MANTENIMIENTO INFORMATICO,l10n_ec_oodca.account_ec_chart_template,account.data_account_type_expenses,account.account_tag_operating,l10n_ec_oodca.group_520228,False
ac_52022814,5.2.02.28.14,SERVICIOS EN EL EXTERIOR,l10n_ec_oodca.account_ec_chart_template,account.data_account_type_expenses,account.account_tag_operating,l10n_ec_oodca.group_520228,False
ac_52022815,5.2.02.28.15,SUMINISTROS DE OFICINA Y OPERATIVOS,l10n_ec_oodca.account_ec_chart_template,account.data_account_type_expenses,account.account_tag_operating,l10n_ec_oodca.group_520228,False
ac_52022899,5.2.02.28.99,OTROS GASTOS ADMINISTRATIVOS,l10n_ec_oodca.account_ec_chart_template,account.data_account_type_expenses,account.account_tag_operating,l10n_ec_oodca.group_520228,False
ac_520301,5.2.03.01,INTERESES,l10n_ec_oodca.account_ec_chart_template,account.data_account_type_expenses,account.account_tag_operating,l10n_ec_oodca.group_5203,False
ac_520302,5.2.03.02,COMISIONES ,l10n_ec_oodca.account_ec_chart_template,account.data_account_type_expenses,account.account_tag_operating,l10n_ec_oodca.group_5203,False
ac_520303,5.2.03.03,GASTOS DE FINANCIAMIENTO DE ACTIVOS,l10n_ec_oodca.account_ec_chart_template,account.data_account_type_expenses,account.account_tag_operating,l10n_ec_oodca.group_5203,False
ac_520304,5.2.03.04,DIFERENCIA EN CAMBIO,l10n_ec_oodca.account_ec_chart_template,account.data_account_type_expenses,account.account_tag_operating,l10n_ec_oodca.group_5203,False
ac_52030501,5.2.03.05.01,IMPUESTO (ISD) EN TRANSF.Y PAGOS - GENERADO EN COMPRAS,l10n_ec_oodca.account_ec_chart_template,account.data_account_type_expenses,account.account_tag_operating,l10n_ec_oodca.group_520305,False
ac_52030599,5.2.03.05.99,OTROS GASTOS FINANCIEROS - OTROS,l10n_ec_oodca.account_ec_chart_template,account.data_account_type_expenses,account.account_tag_operating,l10n_ec_oodca.group_520305,False
ac_520401,5.2.04.01,PERDIDA EN INVERSIONES EN ASOCIADAS SUBSIDIARIAS Y OTRAS,l10n_ec_oodca.account_ec_chart_template,account.data_account_type_expenses,account.account_tag_operating,l10n_ec_oodca.group_5204,False
ac_52040201,5.2.04.02.01,GASTOS NO DEDUCIBLES,l10n_ec_oodca.account_ec_chart_template,account.data_account_type_expenses,account.account_tag_operating,l10n_ec_oodca.group_520402,False
ac_52040202,5.2.04.02.02,IMPUESTOS NO DEDUCIBLES,l10n_ec_oodca.account_ec_chart_template,account.data_account_type_expenses,account.account_tag_operating,l10n_ec_oodca.group_520402,False
ac_52040203,5.2.04.02.03,MULTAS NO DEDUCIBLES,l10n_ec_oodca.account_ec_chart_template,account.data_account_type_expenses,account.account_tag_operating,l10n_ec_oodca.group_520402,False
